"nomb_municipio","area_pred_fert_baja"
"BUENAVENTURA",60361.9472420687
"SAN PEDRO",5157.87040882812
"RIOFRÍO",3586.83827060575
"BUGA",2142.46940453673
"VIJES",217.861923204163
"GINEBRA",83.0825991094575
