"nomb_municipio","area_pred_fert_muy_alta"
"EL CERRITO",9869.40628665845
"ZARZAL",6796.3106928472
"BUGALAGRANDE",6214.31638522293
"BUGA",4755.50921608797
"CAICEDONIA",4547.56886544043
"SAN PEDRO",2820.48351994443
"GINEBRA",2577.72730121936
"RIOFRÍO",1927.49351838703
"YOTOCO",1723.62357409124
"ANDALUCÍA",1200.85318174797
"LA UNIÓN",569.537033127657
"VIJES",63.5177121466085
