"nomb_municipio","area_pred_fert_muy_baja"
"BUENAVENTURA",158125.79809967
"EL CERRITO",3918.73723996691
"BUGA",3867.53921763404
"RIOFRÍO",3423.88092164169
"YOTOCO",3392.57537169191
"VIJES",2241.70048004154
"GINEBRA",1873.24261880183
