"municipio","area_has"
"BUENAVENTURA",395543.737247145
"BUGA",74391.1135502468
"EL CERRITO",48324.7602984999
"BUGALAGRANDE",42099.7133387956
"ZARZAL",33726.472733852
"YOTOCO",32396.3320862318
"RIOFRÍO",29339.6649048357
"GINEBRA",26502.1061026289
"SAN PEDRO",19311.2923826411
"CAICEDONIA",16167.9392497818
"LA UNIÓN",11218.3567700608
"VIJES",10968.8041336497
"ANDALUCÍA",10436.4674517151
"ULLOA",4099.37377917866
