"nomb_municipio","area_pred_fert_moderada"
"BUGA",21691.7050910749
"BUGALAGRANDE",15335.2606406814
"CAICEDONIA",9069.701915877
"RIOFRÍO",8605.22834932603
"GINEBRA",8589.78922033459
"YOTOCO",8308.85122293928
"EL CERRITO",7481.32626950255
"VIJES",5989.79725042796
"ANDALUCÍA",5934.41610650337
"SAN PEDRO",4836.82584470864
"ULLOA",3827.70244352743
"BUENAVENTURA",3208.66807371584
"LA UNIÓN",1828.61046248409
"ZARZAL",1192.32371150072
