"nomb_municipio","area_pred_fert_muy_alta"
"BUGA",39125.2445500608
"EL CERRITO",25584.4924325111
"ZARZAL",24773.8648930051
"BUGALAGRANDE",19966.4869115108
"YOTOCO",17568.5596662104
"GINEBRA",12807.2156206804
"RIOFRÍO",10745.5325209187
"LA UNIÓN",8521.96771916577
"SAN PEDRO",6169.3276128412
"ANDALUCÍA",3124.7551704276
"CAICEDONIA",2313.57688495445
"VIJES",2239.46207978495
